1000,"10A","Economy"
1000,"10B","Economy"
1000,"10C","Economy"
1000,"10D","Economy"
1000,"10E","Economy"
1000,"10F","Economy"
1000,"11A","Economy"
1000,"11B","Economy"
1000,"11C","Economy"
1000,"11D","Economy"
1000,"11E","Economy"
1000,"11F","Economy"
1000,"12A","Economy"
1000,"12B","Economy"
1000,"12C","Economy"
1000,"12D","Economy"
1000,"12E","Economy"
1000,"12F","Economy"
1000,"13A","Economy"
1000,"13B","Economy"
1000,"13C","Economy"
1000,"13D","Economy"
1000,"13E","Economy"
1000,"13F","Economy"
1000,"14A","Economy"
1000,"14B","Economy"
1000,"14C","Economy"
1000,"14D","Economy"
1000,"14E","Economy"
1000,"14F","Economy"
1000,"15A","Economy"
1000,"15B","Economy"
1000,"15C","Economy"
1000,"15D","Economy"
1000,"15E","Economy"
1000,"15F","Economy"
1000,"16A","Economy"
1000,"16B","Economy"
1000,"16C","Economy"
1000,"16D","Economy"
1000,"16E","Economy"
1000,"16F","Economy"
1000,"17A","Economy"
1000,"17B","Economy"
1000,"17C","Economy"
1000,"17D","Economy"
1000,"17E","Economy"
1000,"17F","Economy"
1000,"18A","Economy"
1000,"18B","Economy"
1000,"18C","Economy"
1000,"18D","Economy"
1000,"18E","Economy"
1000,"18F","Economy"
1000,"19A","Economy"
1000,"19B","Economy"
1000,"19C","Economy"
1000,"19D","Economy"
1000,"19E","Economy"
1000,"19F","Economy"
1000,"1A","First"
1000,"1B","First"
1000,"1C","First"
1000,"1D","First"
1000,"2A","First"
1000,"2B","First"
1000,"2C","First"
1000,"2D","First"
1001,"10A","Economy"
1001,"10B","Economy"
1001,"10C","Economy"
1001,"10D","Economy"
1001,"10E","Economy"
1001,"10F","Economy"
1001,"11A","Economy"
1001,"11B","Economy"
1001,"11C","Economy"
1001,"11D","Economy"
1001,"11E","Economy"
1001,"11F","Economy"
1001,"12A","Economy"
1001,"12B","Economy"
1001,"12C","Economy"
1001,"12D","Economy"
1001,"12E","Economy"
1001,"12F","Economy"
1001,"13A","Economy"
1001,"13B","Economy"
1001,"13C","Economy"
1001,"13D","Economy"
1001,"13E","Economy"
1001,"13F","Economy"
1001,"14A","Economy"
1001,"14B","Economy"
1001,"14C","Economy"
1001,"14D","Economy"
1001,"14E","Economy"
1001,"14F","Economy"
1001,"15A","Economy"
1001,"15B","Economy"
1001,"15C","Economy"
1001,"15D","Economy"
1001,"15E","Economy"
1001,"15F","Economy"
1001,"16A","Economy"
1001,"16B","Economy"
1001,"16C","Economy"
1001,"16D","Economy"
1001,"16E","Economy"
1001,"16F","Economy"
1001,"17A","Economy"
1001,"17B","Economy"
1001,"17C","Economy"
1001,"17D","Economy"
1001,"17E","Economy"
1001,"17F","Economy"
1001,"18A","Economy"
1001,"18B","Economy"
1001,"18C","Economy"
1001,"18D","Economy"
1001,"18E","Economy"
1001,"18F","Economy"
1001,"19A","Economy"
1001,"19B","Economy"
1001,"19C","Economy"
1001,"19D","Economy"
1001,"19E","Economy"
1001,"19F","Economy"
1001,"1A","First"
1001,"1B","First"
1001,"1C","First"
1001,"1D","First"
1001,"2A","First"
1001,"2B","First"
1001,"2C","First"
1001,"2D","First"
1002,"10A","Economy"
1002,"10B","Economy"
1002,"10C","Economy"
1002,"10D","Economy"
1002,"10E","Economy"
1002,"10F","Economy"
1002,"11A","Economy"
1002,"11B","Economy"
1002,"11C","Economy"
1002,"11D","Economy"
1002,"11E","Economy"
1002,"11F","Economy"
1002,"12A","Economy"
1002,"12B","Economy"
1002,"12C","Economy"
1002,"12D","Economy"
1002,"12E","Economy"
1002,"12F","Economy"
1002,"13A","Economy"
1002,"13B","Economy"
1002,"13C","Economy"
1002,"13D","Economy"
1002,"13E","Economy"
1002,"13F","Economy"
1002,"14A","Economy"
1002,"14B","Economy"
1002,"14C","Economy"
1002,"14D","Economy"
1002,"14E","Economy"
1002,"14F","Economy"
1002,"15A","Economy"
1002,"15B","Economy"
1002,"15C","Economy"
1002,"15D","Economy"
1002,"15E","Economy"
1002,"15F","Economy"
1002,"16A","Economy"
1002,"16B","Economy"
1002,"16C","Economy"
1002,"16D","Economy"
1002,"16E","Economy"
1002,"16F","Economy"
1002,"17A","Economy"
1002,"17B","Economy"
1002,"17C","Economy"
1002,"17D","Economy"
1002,"17E","Economy"
1002,"17F","Economy"
1002,"18A","Economy"
1002,"18B","Economy"
1002,"18C","Economy"
1002,"18D","Economy"
1002,"18E","Economy"
1002,"18F","Economy"
1002,"19A","Economy"
1002,"19B","Economy"
1002,"19C","Economy"
1002,"19D","Economy"
1002,"19E","Economy"
1002,"19F","Economy"
1002,"1A","First"
1002,"1B","First"
1002,"1C","First"
1002,"1D","First"
1002,"2A","First"
1002,"2B","First"
1002,"2C","First"
1002,"2D","First"
1003,"10A","Economy"
1003,"10B","Economy"
1003,"10C","Economy"
1003,"10D","Economy"
1003,"10E","Economy"
1003,"10F","Economy"
1003,"11A","Economy"
1003,"11B","Economy"
1003,"11C","Economy"
1003,"11D","Economy"
1003,"11E","Economy"
1003,"11F","Economy"
1003,"12A","Economy"
1003,"12B","Economy"
1003,"12C","Economy"
1003,"12D","Economy"
1003,"12E","Economy"
1003,"12F","Economy"
1003,"13A","Economy"
1003,"13B","Economy"
1003,"13C","Economy"
1003,"13D","Economy"
1003,"13E","Economy"
1003,"13F","Economy"
1003,"14A","Economy"
1003,"14B","Economy"
1003,"14C","Economy"
1003,"14D","Economy"
1003,"14E","Economy"
1003,"14F","Economy"
1003,"15A","Economy"
1003,"15B","Economy"
1003,"15C","Economy"
1003,"15D","Economy"
1003,"15E","Economy"
1003,"15F","Economy"
1003,"16A","Economy"
1003,"16B","Economy"
1003,"16C","Economy"
1003,"16D","Economy"
1003,"16E","Economy"
1003,"16F","Economy"
1003,"17A","Economy"
1003,"17B","Economy"
1003,"17C","Economy"
1003,"17D","Economy"
1003,"17E","Economy"
1003,"17F","Economy"
1003,"18A","Economy"
1003,"18B","Economy"
1003,"18C","Economy"
1003,"18D","Economy"
1003,"18E","Economy"
1003,"18F","Economy"
1003,"19A","Economy"
1003,"19B","Economy"
1003,"19C","Economy"
1003,"19D","Economy"
1003,"19E","Economy"
1003,"19F","Economy"
1003,"1A","First"
1003,"1B","First"
1003,"1C","First"
1003,"1D","First"
1003,"2A","First"
1003,"2B","First"
1003,"2C","First"
1003,"2D","First"
1004,"10A","Economy"
1004,"10B","Economy"
1004,"10C","Economy"
1004,"10D","Economy"
1004,"10E","Economy"
1004,"10F","Economy"
1004,"11A","Economy"
1004,"11B","Economy"
1004,"11C","Economy"
1004,"11D","Economy"
1004,"11E","Economy"
1004,"11F","Economy"
1004,"12A","Economy"
1004,"12B","Economy"
1004,"12C","Economy"
1004,"12D","Economy"
1004,"12E","Economy"
1004,"12F","Economy"
1004,"13A","Economy"
1004,"13B","Economy"
1004,"13C","Economy"
1004,"13D","Economy"
1004,"13E","Economy"
1004,"13F","Economy"
1004,"14A","Economy"
1004,"14B","Economy"
1004,"14C","Economy"
1004,"14D","Economy"
1004,"14E","Economy"
1004,"14F","Economy"
1004,"15A","Economy"
1004,"15B","Economy"
1004,"15C","Economy"
1004,"15D","Economy"
1004,"15E","Economy"
1004,"15F","Economy"
1004,"16A","Economy"
1004,"16B","Economy"
1004,"16C","Economy"
1004,"16D","Economy"
1004,"16E","Economy"
1004,"16F","Economy"
1004,"17A","Economy"
1004,"17B","Economy"
1004,"17C","Economy"
1004,"17D","Economy"
1004,"17E","Economy"
1004,"17F","Economy"
1004,"18A","Economy"
1004,"18B","Economy"
1004,"18C","Economy"
1004,"18D","Economy"
1004,"18E","Economy"
1004,"18F","Economy"
1004,"19A","Economy"
1004,"19B","Economy"
1004,"19C","Economy"
1004,"19D","Economy"
1004,"19E","Economy"
1004,"19F","Economy"
1004,"1A","First"
1004,"1B","First"
1004,"1C","First"
1004,"1D","First"
1004,"2A","First"
1004,"2B","First"
1004,"2C","First"
1004,"2D","First"
1005,"10A","Economy"
1005,"10B","Economy"
1005,"10C","Economy"
1005,"10D","Economy"
1005,"10E","Economy"
1005,"10F","Economy"
1005,"11A","Economy"
1005,"11B","Economy"
1005,"11C","Economy"
1005,"11D","Economy"
1005,"11E","Economy"
1005,"11F","Economy"
1005,"12A","Economy"
1005,"12B","Economy"
1005,"12C","Economy"
1005,"12D","Economy"
1005,"12E","Economy"
1005,"12F","Economy"
1005,"13A","Economy"
1005,"13B","Economy"
1005,"13C","Economy"
1005,"13D","Economy"
1005,"13E","Economy"
1005,"13F","Economy"
1005,"14A","Economy"
1005,"14B","Economy"
1005,"14C","Economy"
1005,"14D","Economy"
1005,"14E","Economy"
1005,"14F","Economy"
1005,"15A","Economy"
1005,"15B","Economy"
1005,"15C","Economy"
1005,"15D","Economy"
1005,"15E","Economy"
1005,"15F","Economy"
1005,"16A","Economy"
1005,"16B","Economy"
1005,"16C","Economy"
1005,"16D","Economy"
1005,"16E","Economy"
1005,"16F","Economy"
1005,"17A","Economy"
1005,"17B","Economy"
1005,"17C","Economy"
1005,"17D","Economy"
1005,"17E","Economy"
1005,"17F","Economy"
1005,"18A","Economy"
1005,"18B","Economy"
1005,"18C","Economy"
1005,"18D","Economy"
1005,"18E","Economy"
1005,"18F","Economy"
1005,"19A","Economy"
1005,"19B","Economy"
1005,"19C","Economy"
1005,"19D","Economy"
1005,"19E","Economy"
1005,"19F","Economy"
1005,"1A","First"
1005,"1B","First"
1005,"1C","First"
1005,"1D","First"
1005,"2A","First"
1005,"2B","First"
1005,"2C","First"
1005,"2D","First"
1006,"10A","Economy"
1006,"10B","Economy"
1006,"10C","Economy"
1006,"10D","Economy"
1006,"10E","Economy"
1006,"10F","Economy"
1006,"11A","Economy"
1006,"11B","Economy"
1006,"11C","Economy"
1006,"11D","Economy"
1006,"11E","Economy"
1006,"11F","Economy"
1006,"12A","Economy"
1006,"12B","Economy"
1006,"12C","Economy"
1006,"12D","Economy"
1006,"12E","Economy"
1006,"12F","Economy"
1006,"13A","Economy"
1006,"13B","Economy"
1006,"13C","Economy"
1006,"13D","Economy"
1006,"13E","Economy"
1006,"13F","Economy"
1006,"14A","Economy"
1006,"14B","Economy"
1006,"14C","Economy"
1006,"14D","Economy"
1006,"14E","Economy"
1006,"14F","Economy"
1006,"15A","Economy"
1006,"15B","Economy"
1006,"15C","Economy"
1006,"15D","Economy"
1006,"15E","Economy"
1006,"15F","Economy"
1006,"16A","Economy"
1006,"16B","Economy"
1006,"16C","Economy"
1006,"16D","Economy"
1006,"16E","Economy"
1006,"16F","Economy"
1006,"17A","Economy"
1006,"17B","Economy"
1006,"17C","Economy"
1006,"17D","Economy"
1006,"17E","Economy"
1006,"17F","Economy"
1006,"18A","Economy"
1006,"18B","Economy"
1006,"18C","Economy"
1006,"18D","Economy"
1006,"18E","Economy"
1006,"18F","Economy"
1006,"19A","Economy"
1006,"19B","Economy"
1006,"19C","Economy"
1006,"19D","Economy"
1006,"19E","Economy"
1006,"19F","Economy"
1006,"1A","First"
1006,"1B","First"
1006,"1C","First"
1006,"1D","First"
1006,"2A","First"
1006,"2B","First"
1006,"2C","First"
1006,"2D","First"
1007,"10A","Economy"
1007,"10B","Economy"
1007,"10C","Economy"
1007,"10D","Economy"
1007,"10E","Economy"
1007,"10F","Economy"
1007,"11A","Economy"
1007,"11B","Economy"
1007,"11C","Economy"
1007,"11D","Economy"
1007,"11E","Economy"
1007,"11F","Economy"
1007,"12A","Economy"
1007,"12B","Economy"
1007,"12C","Economy"
1007,"12D","Economy"
1007,"12E","Economy"
1007,"12F","Economy"
1007,"13A","Economy"
1007,"13B","Economy"
1007,"13C","Economy"
1007,"13D","Economy"
1007,"13E","Economy"
1007,"13F","Economy"
1007,"14A","Economy"
1007,"14B","Economy"
1007,"14C","Economy"
1007,"14D","Economy"
1007,"14E","Economy"
1007,"14F","Economy"
1007,"15A","Economy"
1007,"15B","Economy"
1007,"15C","Economy"
1007,"15D","Economy"
1007,"15E","Economy"
1007,"15F","Economy"
1007,"16A","Economy"
1007,"16B","Economy"
1007,"16C","Economy"
1007,"16D","Economy"
1007,"16E","Economy"
1007,"16F","Economy"
1007,"17A","Economy"
1007,"17B","Economy"
1007,"17C","Economy"
1007,"17D","Economy"
1007,"17E","Economy"
1007,"17F","Economy"
1007,"18A","Economy"
1007,"18B","Economy"
1007,"18C","Economy"
1007,"18D","Economy"
1007,"18E","Economy"
1007,"18F","Economy"
1007,"19A","Economy"
1007,"19B","Economy"
1007,"19C","Economy"
1007,"19D","Economy"
1007,"19E","Economy"
1007,"19F","Economy"
1007,"1A","First"
1007,"1B","First"
1007,"1C","First"
1007,"1D","First"
1007,"2A","First"
1007,"2B","First"
1007,"2C","First"
1007,"2D","First"
1008,"10A","Economy"
1008,"10B","Economy"
1008,"10C","Economy"
1008,"10D","Economy"
1008,"10E","Economy"
1008,"10F","Economy"
1008,"11A","Economy"
1008,"11B","Economy"
1008,"11C","Economy"
1008,"11D","Economy"
1008,"11E","Economy"
1008,"11F","Economy"
1008,"12A","Economy"
1008,"12B","Economy"
1008,"12C","Economy"
1008,"12D","Economy"
1008,"12E","Economy"
1008,"12F","Economy"
1008,"13A","Economy"
1008,"13B","Economy"
1008,"13C","Economy"
1008,"13D","Economy"
1008,"13E","Economy"
1008,"13F","Economy"
1008,"14A","Economy"
1008,"14B","Economy"
1008,"14C","Economy"
1008,"14D","Economy"
1008,"14E","Economy"
1008,"14F","Economy"
1008,"15A","Economy"
1008,"15B","Economy"
1008,"15C","Economy"
1008,"15D","Economy"
1008,"15E","Economy"
1008,"15F","Economy"
1008,"16A","Economy"
1008,"16B","Economy"
1008,"16C","Economy"
1008,"16D","Economy"
1008,"16E","Economy"
1008,"16F","Economy"
1008,"17A","Economy"
1008,"17B","Economy"
1008,"17C","Economy"
1008,"17D","Economy"
1008,"17E","Economy"
1008,"17F","Economy"
1008,"18A","Economy"
1008,"18B","Economy"
1008,"18C","Economy"
1008,"18D","Economy"
1008,"18E","Economy"
1008,"18F","Economy"
1008,"19A","Economy"
1008,"19B","Economy"
1008,"19C","Economy"
1008,"19D","Economy"
1008,"19E","Economy"
1008,"19F","Economy"
1008,"1A","First"
1008,"1B","First"
1008,"1C","First"
1008,"1D","First"
1008,"2A","First"
1008,"2B","First"
1008,"2C","First"
1008,"2D","First"
1009,"10A","Economy"
1009,"10B","Economy"
1009,"10C","Economy"
1009,"10D","Economy"
1009,"10E","Economy"
1009,"10F","Economy"
1009,"11A","Economy"
1009,"11B","Economy"
1009,"11C","Economy"
1009,"11D","Economy"
1009,"11E","Economy"
1009,"11F","Economy"
1009,"12A","Economy"
1009,"12B","Economy"
1009,"12C","Economy"
1009,"12D","Economy"
1009,"12E","Economy"
1009,"12F","Economy"
1009,"13A","Economy"
1009,"13B","Economy"
1009,"13C","Economy"
1009,"13D","Economy"
1009,"13E","Economy"
1009,"13F","Economy"
1009,"14A","Economy"
1009,"14B","Economy"
1009,"14C","Economy"
1009,"14D","Economy"
1009,"14E","Economy"
1009,"14F","Economy"
1009,"15A","Economy"
1009,"15B","Economy"
1009,"15C","Economy"
1009,"15D","Economy"
1009,"15E","Economy"
1009,"15F","Economy"
1009,"16A","Economy"
1009,"16B","Economy"
1009,"16C","Economy"
1009,"16D","Economy"
1009,"16E","Economy"
1009,"16F","Economy"
1009,"17A","Economy"
1009,"17B","Economy"
1009,"17C","Economy"
1009,"17D","Economy"
1009,"17E","Economy"
1009,"17F","Economy"
1009,"18A","Economy"
1009,"18B","Economy"
1009,"18C","Economy"
1009,"18D","Economy"
1009,"18E","Economy"
1009,"18F","Economy"
1009,"19A","Economy"
1009,"19B","Economy"
1009,"19C","Economy"
1009,"19D","Economy"
1009,"19E","Economy"
1009,"19F","Economy"
1009,"1A","First"
1009,"1B","First"
1009,"1C","First"
1009,"1D","First"
1009,"2A","First"
1009,"2B","First"
1009,"2C","First"
1009,"2D","First"
1010,"10A","Economy"
1010,"10B","Economy"
1010,"10C","Economy"
1010,"10D","Economy"
1010,"10E","Economy"
1010,"10F","Economy"
1010,"11A","Economy"
1010,"11B","Economy"
1010,"11C","Economy"
1010,"11D","Economy"
1010,"11E","Economy"
1010,"11F","Economy"
1010,"12A","Economy"
1010,"12B","Economy"
1010,"12C","Economy"
1010,"12D","Economy"
1010,"12E","Economy"
1010,"12F","Economy"
1010,"13A","Economy"
1010,"13B","Economy"
1010,"13C","Economy"
1010,"13D","Economy"
1010,"13E","Economy"
1010,"13F","Economy"
1010,"14A","Economy"
1010,"14B","Economy"
1010,"14C","Economy"
1010,"14D","Economy"
1010,"14E","Economy"
1010,"14F","Economy"
1010,"15A","Economy"
1010,"15B","Economy"
1010,"15C","Economy"
1010,"15D","Economy"
1010,"15E","Economy"
1010,"15F","Economy"
1010,"16A","Economy"
1010,"16B","Economy"
1010,"16C","Economy"
1010,"16D","Economy"
1010,"16E","Economy"
1010,"16F","Economy"
1010,"17A","Economy"
1010,"17B","Economy"
1010,"17C","Economy"
1010,"17D","Economy"
1010,"17E","Economy"
1010,"17F","Economy"
1010,"18A","Economy"
1010,"18B","Economy"
1010,"18C","Economy"
1010,"18D","Economy"
1010,"18E","Economy"
1010,"18F","Economy"
1010,"19A","Economy"
1010,"19B","Economy"
1010,"19C","Economy"
1010,"19D","Economy"
1010,"19E","Economy"
1010,"19F","Economy"
1010,"1A","First"
1010,"1B","First"
1010,"1C","First"
1010,"1D","First"
1010,"2A","First"
1010,"2B","First"
1010,"2C","First"
1010,"2D","First"
1011,"10A","Economy"
1011,"10B","Economy"
1011,"10C","Economy"
1011,"10D","Economy"
1011,"10E","Economy"
1011,"10F","Economy"
1011,"11A","Economy"
1011,"11B","Economy"
1011,"11C","Economy"
1011,"11D","Economy"
1011,"11E","Economy"
1011,"11F","Economy"
1011,"12A","Economy"
1011,"12B","Economy"
1011,"12C","Economy"
1011,"12D","Economy"
1011,"12E","Economy"
1011,"12F","Economy"
1011,"13A","Economy"
1011,"13B","Economy"
1011,"13C","Economy"
1011,"13D","Economy"
1011,"13E","Economy"
1011,"13F","Economy"
1011,"14A","Economy"
1011,"14B","Economy"
1011,"14C","Economy"
1011,"14D","Economy"
1011,"14E","Economy"
1011,"14F","Economy"
1011,"15A","Economy"
1011,"15B","Economy"
1011,"15C","Economy"
1011,"15D","Economy"
1011,"15E","Economy"
1011,"15F","Economy"
1011,"16A","Economy"
1011,"16B","Economy"
1011,"16C","Economy"
1011,"16D","Economy"
1011,"16E","Economy"
1011,"16F","Economy"
1011,"17A","Economy"
1011,"17B","Economy"
1011,"17C","Economy"
1011,"17D","Economy"
1011,"17E","Economy"
1011,"17F","Economy"
1011,"18A","Economy"
1011,"18B","Economy"
1011,"18C","Economy"
1011,"18D","Economy"
1011,"18E","Economy"
1011,"18F","Economy"
1011,"19A","Economy"
1011,"19B","Economy"
1011,"19C","Economy"
1011,"19D","Economy"
1011,"19E","Economy"
1011,"19F","Economy"
1011,"1A","First"
1011,"1B","First"
1011,"1C","First"
1011,"1D","First"
1011,"2A","First"
1011,"2B","First"
1011,"2C","First"
1011,"2D","First"
1012,"10A","Economy"
1012,"10B","Economy"
1012,"10C","Economy"
1012,"10D","Economy"
1012,"10E","Economy"
1012,"10F","Economy"
1012,"11A","Economy"
1012,"11B","Economy"
1012,"11C","Economy"
1012,"11D","Economy"
1012,"11E","Economy"
1012,"11F","Economy"
1012,"12A","Economy"
1012,"12B","Economy"
1012,"12C","Economy"
1012,"12D","Economy"
1012,"12E","Economy"
1012,"12F","Economy"
1012,"13A","Economy"
1012,"13B","Economy"
1012,"13C","Economy"
1012,"13D","Economy"
1012,"13E","Economy"
1012,"13F","Economy"
1012,"14A","Economy"
1012,"14B","Economy"
1012,"14C","Economy"
1012,"14D","Economy"
1012,"14E","Economy"
1012,"14F","Economy"
1012,"15A","Economy"
1012,"15B","Economy"
1012,"15C","Economy"
1012,"15D","Economy"
1012,"15E","Economy"
1012,"15F","Economy"
1012,"16A","Economy"
1012,"16B","Economy"
1012,"16C","Economy"
1012,"16D","Economy"
1012,"16E","Economy"
1012,"16F","Economy"
1012,"17A","Economy"
1012,"17B","Economy"
1012,"17C","Economy"
1012,"17D","Economy"
1012,"17E","Economy"
1012,"17F","Economy"
1012,"18A","Economy"
1012,"18B","Economy"
1012,"18C","Economy"
1012,"18D","Economy"
1012,"18E","Economy"
1012,"18F","Economy"
1012,"19A","Economy"
1012,"19B","Economy"
1012,"19C","Economy"
1012,"19D","Economy"
1012,"19E","Economy"
1012,"19F","Economy"
1012,"1A","First"
1012,"1B","First"
1012,"1C","First"
1012,"1D","First"
1012,"2A","First"
1012,"2B","First"
1012,"2C","First"
1012,"2D","First"
1013,"10A","Economy"
1013,"10B","Economy"
1013,"10C","Economy"
1013,"10D","Economy"
1013,"10E","Economy"
1013,"10F","Economy"
1013,"11A","Economy"
1013,"11B","Economy"
1013,"11C","Economy"
1013,"11D","Economy"
1013,"11E","Economy"
1013,"11F","Economy"
1013,"12A","Economy"
1013,"12B","Economy"
1013,"12C","Economy"
1013,"12D","Economy"
1013,"12E","Economy"
1013,"12F","Economy"
1013,"13A","Economy"
1013,"13B","Economy"
1013,"13C","Economy"
1013,"13D","Economy"
1013,"13E","Economy"
1013,"13F","Economy"
1013,"14A","Economy"
1013,"14B","Economy"
1013,"14C","Economy"
1013,"14D","Economy"
1013,"14E","Economy"
1013,"14F","Economy"
1013,"15A","Economy"
1013,"15B","Economy"
1013,"15C","Economy"
1013,"15D","Economy"
1013,"15E","Economy"
1013,"15F","Economy"
1013,"16A","Economy"
1013,"16B","Economy"
1013,"16C","Economy"
1013,"16D","Economy"
1013,"16E","Economy"
1013,"16F","Economy"
1013,"17A","Economy"
1013,"17B","Economy"
1013,"17C","Economy"
1013,"17D","Economy"
1013,"17E","Economy"
1013,"17F","Economy"
1013,"18A","Economy"
1013,"18B","Economy"
1013,"18C","Economy"
1013,"18D","Economy"
1013,"18E","Economy"
1013,"18F","Economy"
1013,"19A","Economy"
1013,"19B","Economy"
1013,"19C","Economy"
1013,"19D","Economy"
1013,"19E","Economy"
1013,"19F","Economy"
1013,"1A","First"
1013,"1B","First"
1013,"1C","First"
1013,"1D","First"
1013,"2A","First"
1013,"2B","First"
1013,"2C","First"
1013,"2D","First"
1014,"10A","Economy"
1014,"10B","Economy"
1014,"10C","Economy"
1014,"10D","Economy"
1014,"10E","Economy"
1014,"10F","Economy"
1014,"11A","Economy"
1014,"11B","Economy"
1014,"11C","Economy"
1014,"11D","Economy"
1014,"11E","Economy"
1014,"11F","Economy"
1014,"12A","Economy"
1014,"12B","Economy"
1014,"12C","Economy"
1014,"12D","Economy"
1014,"12E","Economy"
1014,"12F","Economy"
1014,"13A","Economy"
1014,"13B","Economy"
1014,"13C","Economy"
1014,"13D","Economy"
1014,"13E","Economy"
1014,"13F","Economy"
1014,"14A","Economy"
1014,"14B","Economy"
1014,"14C","Economy"
1014,"14D","Economy"
1014,"14E","Economy"
1014,"14F","Economy"
1014,"15A","Economy"
1014,"15B","Economy"
1014,"15C","Economy"
1014,"15D","Economy"
1014,"15E","Economy"
1014,"15F","Economy"
1014,"16A","Economy"
1014,"16B","Economy"
1014,"16C","Economy"
1014,"16D","Economy"
1014,"16E","Economy"
1014,"16F","Economy"
1014,"17A","Economy"
1014,"17B","Economy"
1014,"17C","Economy"
1014,"17D","Economy"
1014,"17E","Economy"
1014,"17F","Economy"
1014,"18A","Economy"
1014,"18B","Economy"
1014,"18C","Economy"
1014,"18D","Economy"
1014,"18E","Economy"
1014,"18F","Economy"
1014,"19A","Economy"
1014,"19B","Economy"
1014,"19C","Economy"
1014,"19D","Economy"
1014,"19E","Economy"
1014,"19F","Economy"
1014,"1A","First"
1014,"1B","First"
1014,"1C","First"
1014,"1D","First"
1014,"2A","First"
1014,"2B","First"
1014,"2C","First"
1014,"2D","First"
1015,"10A","Economy"
1015,"10B","Economy"
1015,"10C","Economy"
1015,"10D","Economy"
1015,"10E","Economy"
1015,"10F","Economy"
1015,"11A","Economy"
1015,"11B","Economy"
1015,"11C","Economy"
1015,"11D","Economy"
1015,"11E","Economy"
1015,"11F","Economy"
1015,"12A","Economy"
1015,"12B","Economy"
1015,"12C","Economy"
1015,"12D","Economy"
1015,"12E","Economy"
1015,"12F","Economy"
1015,"13A","Economy"
1015,"13B","Economy"
1015,"13C","Economy"
1015,"13D","Economy"
1015,"13E","Economy"
1015,"13F","Economy"
1015,"14A","Economy"
1015,"14B","Economy"
1015,"14C","Economy"
1015,"14D","Economy"
1015,"14E","Economy"
1015,"14F","Economy"
1015,"15A","Economy"
1015,"15B","Economy"
1015,"15C","Economy"
1015,"15D","Economy"
1015,"15E","Economy"
1015,"15F","Economy"
1015,"16A","Economy"
1015,"16B","Economy"
1015,"16C","Economy"
1015,"16D","Economy"
1015,"16E","Economy"
1015,"16F","Economy"
1015,"17A","Economy"
1015,"17B","Economy"
1015,"17C","Economy"
1015,"17D","Economy"
1015,"17E","Economy"
1015,"17F","Economy"
1015,"18A","Economy"
1015,"18B","Economy"
1015,"18C","Economy"
1015,"18D","Economy"
1015,"18E","Economy"
1015,"18F","Economy"
1015,"19A","Economy"
1015,"19B","Economy"
1015,"19C","Economy"
1015,"19D","Economy"
1015,"19E","Economy"
1015,"19F","Economy"
1015,"1A","First"
1015,"1B","First"
1015,"1C","First"
1015,"1D","First"
1015,"2A","First"
1015,"2B","First"
1015,"2C","First"
1015,"2D","First"
1016,"10A","Economy"
1016,"10B","Economy"
1016,"10C","Economy"
1016,"10D","Economy"
1016,"10E","Economy"
1016,"10F","Economy"
1016,"11A","Economy"
1016,"11B","Economy"
1016,"11C","Economy"
1016,"11D","Economy"
1016,"11E","Economy"
1016,"11F","Economy"
1016,"12A","Economy"
1016,"12B","Economy"
1016,"12C","Economy"
1016,"12D","Economy"
1016,"12E","Economy"
1016,"12F","Economy"
1016,"13A","Economy"
1016,"13B","Economy"
1016,"13C","Economy"
1016,"13D","Economy"
1016,"13E","Economy"
1016,"13F","Economy"
1016,"14A","Economy"
1016,"14B","Economy"
1016,"14C","Economy"
1016,"14D","Economy"
1016,"14E","Economy"
1016,"14F","Economy"
1016,"15A","Economy"
1016,"15B","Economy"
1016,"15C","Economy"
1016,"15D","Economy"
1016,"15E","Economy"
1016,"15F","Economy"
1016,"16A","Economy"
1016,"16B","Economy"
1016,"16C","Economy"
1016,"16D","Economy"
1016,"16E","Economy"
1016,"16F","Economy"
1016,"17A","Economy"
1016,"17B","Economy"
1016,"17C","Economy"
1016,"17D","Economy"
1016,"17E","Economy"
1016,"17F","Economy"
1016,"18A","Economy"
1016,"18B","Economy"
1016,"18C","Economy"
1016,"18D","Economy"
1016,"18E","Economy"
1016,"18F","Economy"
1016,"19A","Economy"
1016,"19B","Economy"
1016,"19C","Economy"
1016,"19D","Economy"
1016,"19E","Economy"
1016,"19F","Economy"
1016,"1A","First"
1016,"1B","First"
1016,"1C","First"
1016,"1D","First"
1016,"2A","First"
1016,"2B","First"
1016,"2C","First"
1016,"2D","First"
1017,"10A","Economy"
1017,"10B","Economy"
1017,"10C","Economy"
1017,"10D","Economy"
1017,"10E","Economy"
1017,"10F","Economy"
1017,"11A","Economy"
1017,"11B","Economy"
1017,"11C","Economy"
1017,"11D","Economy"
1017,"11E","Economy"
1017,"11F","Economy"
1017,"12A","Economy"
1017,"12B","Economy"
1017,"12C","Economy"
1017,"12D","Economy"
1017,"12E","Economy"
1017,"12F","Economy"
1017,"13A","Economy"
1017,"13B","Economy"
1017,"13C","Economy"
1017,"13D","Economy"
1017,"13E","Economy"
1017,"13F","Economy"
1017,"14A","Economy"
1017,"14B","Economy"
1017,"14C","Economy"
1017,"14D","Economy"
1017,"14E","Economy"
1017,"14F","Economy"
1017,"15A","Economy"
1017,"15B","Economy"
1017,"15C","Economy"
1017,"15D","Economy"
1017,"15E","Economy"
1017,"15F","Economy"
1017,"16A","Economy"
1017,"16B","Economy"
1017,"16C","Economy"
1017,"16D","Economy"
1017,"16E","Economy"
1017,"16F","Economy"
1017,"17A","Economy"
1017,"17B","Economy"
1017,"17C","Economy"
1017,"17D","Economy"
1017,"17E","Economy"
1017,"17F","Economy"
1017,"18A","Economy"
1017,"18B","Economy"
1017,"18C","Economy"
1017,"18D","Economy"
1017,"18E","Economy"
1017,"18F","Economy"
1017,"19A","Economy"
1017,"19B","Economy"
1017,"19C","Economy"
1017,"19D","Economy"
1017,"19E","Economy"
1017,"19F","Economy"
1017,"1A","First"
1017,"1B","First"
1017,"1C","First"
1017,"1D","First"
1017,"2A","First"
1017,"2B","First"
1017,"2C","First"
1017,"2D","First"
1018,"10A","Economy"
1018,"10B","Economy"
1018,"10C","Economy"
1018,"10D","Economy"
1018,"10E","Economy"
1018,"10F","Economy"
1018,"11A","Economy"
1018,"11B","Economy"
1018,"11C","Economy"
1018,"11D","Economy"
1018,"11E","Economy"
1018,"11F","Economy"
1018,"12A","Economy"
1018,"12B","Economy"
1018,"12C","Economy"
1018,"12D","Economy"
1018,"12E","Economy"
1018,"12F","Economy"
1018,"13A","Economy"
1018,"13B","Economy"
1018,"13C","Economy"
1018,"13D","Economy"
1018,"13E","Economy"
1018,"13F","Economy"
1018,"14A","Economy"
1018,"14B","Economy"
1018,"14C","Economy"
1018,"14D","Economy"
1018,"14E","Economy"
1018,"14F","Economy"
1018,"15A","Economy"
1018,"15B","Economy"
1018,"15C","Economy"
1018,"15D","Economy"
1018,"15E","Economy"
1018,"15F","Economy"
1018,"16A","Economy"
1018,"16B","Economy"
1018,"16C","Economy"
1018,"16D","Economy"
1018,"16E","Economy"
1018,"16F","Economy"
1018,"17A","Economy"
1018,"17B","Economy"
1018,"17C","Economy"
1018,"17D","Economy"
1018,"17E","Economy"
1018,"17F","Economy"
1018,"18A","Economy"
1018,"18B","Economy"
1018,"18C","Economy"
1018,"18D","Economy"
1018,"18E","Economy"
1018,"18F","Economy"
1018,"19A","Economy"
1018,"19B","Economy"
1018,"19C","Economy"
1018,"19D","Economy"
1018,"19E","Economy"
1018,"19F","Economy"
1018,"1A","First"
1018,"1B","First"
1018,"1C","First"
1018,"1D","First"
1018,"2A","First"
1018,"2B","First"
1018,"2C","First"
1018,"2D","First"
1019,"10A","Economy"
1019,"10B","Economy"
1019,"10C","Economy"
1019,"10D","Economy"
1019,"10E","Economy"
1019,"10F","Economy"
1019,"11A","Economy"
1019,"11B","Economy"
1019,"11C","Economy"
1019,"11D","Economy"
1019,"11E","Economy"
1019,"11F","Economy"
1019,"12A","Economy"
1019,"12B","Economy"
1019,"12C","Economy"
1019,"12D","Economy"
1019,"12E","Economy"
1019,"12F","Economy"
1019,"13A","Economy"
1019,"13B","Economy"
1019,"13C","Economy"
1019,"13D","Economy"
1019,"13E","Economy"
1019,"13F","Economy"
1019,"14A","Economy"
1019,"14B","Economy"
1019,"14C","Economy"
1019,"14D","Economy"
1019,"14E","Economy"
1019,"14F","Economy"
1019,"15A","Economy"
1019,"15B","Economy"
1019,"15C","Economy"
1019,"15D","Economy"
1019,"15E","Economy"
1019,"15F","Economy"
1019,"16A","Economy"
1019,"16B","Economy"
1019,"16C","Economy"
1019,"16D","Economy"
1019,"16E","Economy"
1019,"16F","Economy"
1019,"17A","Economy"
1019,"17B","Economy"
1019,"17C","Economy"
1019,"17D","Economy"
1019,"17E","Economy"
1019,"17F","Economy"
1019,"18A","Economy"
1019,"18B","Economy"
1019,"18C","Economy"
1019,"18D","Economy"
1019,"18E","Economy"
1019,"18F","Economy"
1019,"19A","Economy"
1019,"19B","Economy"
1019,"19C","Economy"
1019,"19D","Economy"
1019,"19E","Economy"
1019,"19F","Economy"
1019,"1A","First"
1019,"1B","First"
1019,"1C","First"
1019,"1D","First"
1019,"2A","First"
1019,"2B","First"
1019,"2C","First"
1019,"2D","First"
1020,"10A","Economy"
1020,"10B","Economy"
1020,"10C","Economy"
1020,"10D","Economy"
1020,"10E","Economy"
1020,"10F","Economy"
1020,"11A","Economy"
1020,"11B","Economy"
1020,"11C","Economy"
1020,"11D","Economy"
1020,"11E","Economy"
1020,"11F","Economy"
1020,"12A","Economy"
1020,"12B","Economy"
1020,"12C","Economy"
1020,"12D","Economy"
1020,"12E","Economy"
1020,"12F","Economy"
1020,"13A","Economy"
1020,"13B","Economy"
1020,"13C","Economy"
1020,"13D","Economy"
1020,"13E","Economy"
1020,"13F","Economy"
1020,"14A","Economy"
1020,"14B","Economy"
1020,"14C","Economy"
1020,"14D","Economy"
1020,"14E","Economy"
1020,"14F","Economy"
1020,"15A","Economy"
1020,"15B","Economy"
1020,"15C","Economy"
1020,"15D","Economy"
1020,"15E","Economy"
1020,"15F","Economy"
1020,"16A","Economy"
1020,"16B","Economy"
1020,"16C","Economy"
1020,"16D","Economy"
1020,"16E","Economy"
1020,"16F","Economy"
1020,"17A","Economy"
1020,"17B","Economy"
1020,"17C","Economy"
1020,"17D","Economy"
1020,"17E","Economy"
1020,"17F","Economy"
1020,"18A","Economy"
1020,"18B","Economy"
1020,"18C","Economy"
1020,"18D","Economy"
1020,"18E","Economy"
1020,"18F","Economy"
1020,"19A","Economy"
1020,"19B","Economy"
1020,"19C","Economy"
1020,"19D","Economy"
1020,"19E","Economy"
1020,"19F","Economy"
1020,"1A","First"
1020,"1B","First"
1020,"1C","First"
1020,"1D","First"
1020,"2A","First"
1020,"2B","First"
1020,"2C","First"
1020,"2D","First"
1021,"10A","Economy"
1021,"10B","Economy"
1021,"10C","Economy"
1021,"10D","Economy"
1021,"10E","Economy"
1021,"10F","Economy"
1021,"11A","Economy"
1021,"11B","Economy"
1021,"11C","Economy"
1021,"11D","Economy"
1021,"11E","Economy"
1021,"11F","Economy"
1021,"12A","Economy"
1021,"12B","Economy"
1021,"12C","Economy"
1021,"12D","Economy"
1021,"12E","Economy"
1021,"12F","Economy"
1021,"13A","Economy"
1021,"13B","Economy"
1021,"13C","Economy"
1021,"13D","Economy"
1021,"13E","Economy"
1021,"13F","Economy"
1021,"14A","Economy"
1021,"14B","Economy"
1021,"14C","Economy"
1021,"14D","Economy"
1021,"14E","Economy"
1021,"14F","Economy"
1021,"15A","Economy"
1021,"15B","Economy"
1021,"15C","Economy"
1021,"15D","Economy"
1021,"15E","Economy"
1021,"15F","Economy"
1021,"16A","Economy"
1021,"16B","Economy"
1021,"16C","Economy"
1021,"16D","Economy"
1021,"16E","Economy"
1021,"16F","Economy"
1021,"17A","Economy"
1021,"17B","Economy"
1021,"17C","Economy"
1021,"17D","Economy"
1021,"17E","Economy"
1021,"17F","Economy"
1021,"18A","Economy"
1021,"18B","Economy"
1021,"18C","Economy"
1021,"18D","Economy"
1021,"18E","Economy"
1021,"18F","Economy"
1021,"19A","Economy"
1021,"19B","Economy"
1021,"19C","Economy"
1021,"19D","Economy"
1021,"19E","Economy"
1021,"19F","Economy"
1021,"1A","First"
1021,"1B","First"
1021,"1C","First"
1021,"1D","First"
1021,"2A","First"
1021,"2B","First"
1021,"2C","First"
1021,"2D","First"
1022,"10A","Economy"
1022,"10B","Economy"
1022,"10C","Economy"
1022,"10D","Economy"
1022,"10E","Economy"
1022,"10F","Economy"
1022,"11A","Economy"
1022,"11B","Economy"
1022,"11C","Economy"
1022,"11D","Economy"
1022,"11E","Economy"
1022,"11F","Economy"
1022,"12A","Economy"
1022,"12B","Economy"
1022,"12C","Economy"
1022,"12D","Economy"
1022,"12E","Economy"
1022,"12F","Economy"
1022,"13A","Economy"
1022,"13B","Economy"
1022,"13C","Economy"
1022,"13D","Economy"
1022,"13E","Economy"
1022,"13F","Economy"
1022,"14A","Economy"
1022,"14B","Economy"
1022,"14C","Economy"
1022,"14D","Economy"
1022,"14E","Economy"
1022,"14F","Economy"
1022,"15A","Economy"
1022,"15B","Economy"
1022,"15C","Economy"
1022,"15D","Economy"
1022,"15E","Economy"
1022,"15F","Economy"
1022,"16A","Economy"
1022,"16B","Economy"
1022,"16C","Economy"
1022,"16D","Economy"
1022,"16E","Economy"
1022,"16F","Economy"
1022,"17A","Economy"
1022,"17B","Economy"
1022,"17C","Economy"
1022,"17D","Economy"
1022,"17E","Economy"
1022,"17F","Economy"
1022,"18A","Economy"
1022,"18B","Economy"
1022,"18C","Economy"
1022,"18D","Economy"
1022,"18E","Economy"
1022,"18F","Economy"
1022,"19A","Economy"
1022,"19B","Economy"
1022,"19C","Economy"
1022,"19D","Economy"
1022,"19E","Economy"
1022,"19F","Economy"
1022,"1A","First"
1022,"1B","First"
1022,"1C","First"
1022,"1D","First"
1022,"2A","First"
1022,"2B","First"
1022,"2C","First"
1022,"2D","First"
1023,"10A","Economy"
1023,"10B","Economy"
1023,"10C","Economy"
1023,"10D","Economy"
1023,"10E","Economy"
1023,"10F","Economy"
1023,"11A","Economy"
1023,"11B","Economy"
1023,"11C","Economy"
1023,"11D","Economy"
1023,"11E","Economy"
1023,"11F","Economy"
1023,"12A","Economy"
1023,"12B","Economy"
1023,"12C","Economy"
1023,"12D","Economy"
1023,"12E","Economy"
1023,"12F","Economy"
1023,"13A","Economy"
1023,"13B","Economy"
1023,"13C","Economy"
1023,"13D","Economy"
1023,"13E","Economy"
1023,"13F","Economy"
1023,"14A","Economy"
1023,"14B","Economy"
1023,"14C","Economy"
1023,"14D","Economy"
1023,"14E","Economy"
1023,"14F","Economy"
1023,"15A","Economy"
1023,"15B","Economy"
1023,"15C","Economy"
1023,"15D","Economy"
1023,"15E","Economy"
1023,"15F","Economy"
1023,"16A","Economy"
1023,"16B","Economy"
1023,"16C","Economy"
1023,"16D","Economy"
1023,"16E","Economy"
1023,"16F","Economy"
1023,"17A","Economy"
1023,"17B","Economy"
1023,"17C","Economy"
1023,"17D","Economy"
1023,"17E","Economy"
1023,"17F","Economy"
1023,"18A","Economy"
1023,"18B","Economy"
1023,"18C","Economy"
1023,"18D","Economy"
1023,"18E","Economy"
1023,"18F","Economy"
1023,"19A","Economy"
1023,"19B","Economy"
1023,"19C","Economy"
1023,"19D","Economy"
1023,"19E","Economy"
1023,"19F","Economy"
1023,"1A","First"
1023,"1B","First"
1023,"1C","First"
1023,"1D","First"
1023,"2A","First"
1023,"2B","First"
1023,"2C","First"
1023,"2D","First"
1024,"10A","Economy"
1024,"10B","Economy"
1024,"10C","Economy"
1024,"10D","Economy"
1024,"10E","Economy"
1024,"10F","Economy"
1024,"11A","Economy"
1024,"11B","Economy"
1024,"11C","Economy"
1024,"11D","Economy"
1024,"11E","Economy"
1024,"11F","Economy"
1024,"12A","Economy"
1024,"12B","Economy"
1024,"12C","Economy"
1024,"12D","Economy"
1024,"12E","Economy"
1024,"12F","Economy"
1024,"13A","Economy"
1024,"13B","Economy"
1024,"13C","Economy"
1024,"13D","Economy"
1024,"13E","Economy"
1024,"13F","Economy"
1024,"14A","Economy"
1024,"14B","Economy"
1024,"14C","Economy"
1024,"14D","Economy"
1024,"14E","Economy"
1024,"14F","Economy"
1024,"15A","Economy"
1024,"15B","Economy"
1024,"15C","Economy"
1024,"15D","Economy"
1024,"15E","Economy"
1024,"15F","Economy"
1024,"16A","Economy"
1024,"16B","Economy"
1024,"16C","Economy"
1024,"16D","Economy"
1024,"16E","Economy"
1024,"16F","Economy"
1024,"17A","Economy"
1024,"17B","Economy"
1024,"17C","Economy"
1024,"17D","Economy"
1024,"17E","Economy"
1024,"17F","Economy"
1024,"18A","Economy"
1024,"18B","Economy"
1024,"18C","Economy"
1024,"18D","Economy"
1024,"18E","Economy"
1024,"18F","Economy"
1024,"19A","Economy"
1024,"19B","Economy"
1024,"19C","Economy"
1024,"19D","Economy"
1024,"19E","Economy"
1024,"19F","Economy"
1024,"1A","First"
1024,"1B","First"
1024,"1C","First"
1024,"1D","First"
1024,"2A","First"
1024,"2B","First"
1024,"2C","First"
1024,"2D","First"
1025,"10A","Economy"
1025,"10B","Economy"
1025,"10C","Economy"
1025,"10D","Economy"
1025,"10E","Economy"
1025,"10F","Economy"
1025,"11A","Economy"
1025,"11B","Economy"
1025,"11C","Economy"
1025,"11D","Economy"
1025,"11E","Economy"
1025,"11F","Economy"
1025,"12A","Economy"
1025,"12B","Economy"
1025,"12C","Economy"
1025,"12D","Economy"
1025,"12E","Economy"
1025,"12F","Economy"
1025,"13A","Economy"
1025,"13B","Economy"
1025,"13C","Economy"
1025,"13D","Economy"
1025,"13E","Economy"
1025,"13F","Economy"
1025,"14A","Economy"
1025,"14B","Economy"
1025,"14C","Economy"
1025,"14D","Economy"
1025,"14E","Economy"
1025,"14F","Economy"
1025,"15A","Economy"
1025,"15B","Economy"
1025,"15C","Economy"
1025,"15D","Economy"
1025,"15E","Economy"
1025,"15F","Economy"
1025,"16A","Economy"
1025,"16B","Economy"
1025,"16C","Economy"
1025,"16D","Economy"
1025,"16E","Economy"
1025,"16F","Economy"
1025,"17A","Economy"
1025,"17B","Economy"
1025,"17C","Economy"
1025,"17D","Economy"
1025,"17E","Economy"
1025,"17F","Economy"
1025,"18A","Economy"
1025,"18B","Economy"
1025,"18C","Economy"
1025,"18D","Economy"
1025,"18E","Economy"
1025,"18F","Economy"
1025,"19A","Economy"
1025,"19B","Economy"
1025,"19C","Economy"
1025,"19D","Economy"
1025,"19E","Economy"
1025,"19F","Economy"
1025,"1A","First"
1025,"1B","First"
1025,"1C","First"
1025,"1D","First"
1025,"2A","First"
1025,"2B","First"
1025,"2C","First"
1025,"2D","First"
1026,"10A","Economy"
1026,"10B","Economy"
1026,"10C","Economy"
1026,"10D","Economy"
1026,"10E","Economy"
1026,"10F","Economy"
1026,"11A","Economy"
1026,"11B","Economy"
1026,"11C","Economy"
1026,"11D","Economy"
1026,"11E","Economy"
1026,"11F","Economy"
1026,"12A","Economy"
1026,"12B","Economy"
1026,"12C","Economy"
1026,"12D","Economy"
1026,"12E","Economy"
1026,"12F","Economy"
1026,"13A","Economy"
1026,"13B","Economy"
1026,"13C","Economy"
1026,"13D","Economy"
1026,"13E","Economy"
1026,"13F","Economy"
1026,"14A","Economy"
1026,"14B","Economy"
1026,"14C","Economy"
1026,"14D","Economy"
1026,"14E","Economy"
1026,"14F","Economy"
1026,"15A","Economy"
1026,"15B","Economy"
1026,"15C","Economy"
1026,"15D","Economy"
1026,"15E","Economy"
1026,"15F","Economy"
1026,"16A","Economy"
1026,"16B","Economy"
1026,"16C","Economy"
1026,"16D","Economy"
1026,"16E","Economy"
1026,"16F","Economy"
1026,"17A","Economy"
1026,"17B","Economy"
1026,"17C","Economy"
1026,"17D","Economy"
1026,"17E","Economy"
1026,"17F","Economy"
1026,"18A","Economy"
1026,"18B","Economy"
1026,"18C","Economy"
1026,"18D","Economy"
1026,"18E","Economy"
1026,"18F","Economy"
1026,"19A","Economy"
1026,"19B","Economy"
1026,"19C","Economy"
1026,"19D","Economy"
1026,"19E","Economy"
1026,"19F","Economy"
1026,"1A","First"
1026,"1B","First"
1026,"1C","First"
1026,"1D","First"
1026,"2A","First"
1026,"2B","First"
1026,"2C","First"
1026,"2D","First"
1027,"10A","Economy"
1027,"10B","Economy"
1027,"10C","Economy"
1027,"10D","Economy"
1027,"10E","Economy"
1027,"10F","Economy"
1027,"11A","Economy"
1027,"11B","Economy"
1027,"11C","Economy"
1027,"11D","Economy"
1027,"11E","Economy"
1027,"11F","Economy"
1027,"12A","Economy"
1027,"12B","Economy"
1027,"12C","Economy"
1027,"12D","Economy"
1027,"12E","Economy"
1027,"12F","Economy"
1027,"13A","Economy"
1027,"13B","Economy"
1027,"13C","Economy"
1027,"13D","Economy"
1027,"13E","Economy"
1027,"13F","Economy"
1027,"14A","Economy"
1027,"14B","Economy"
1027,"14C","Economy"
1027,"14D","Economy"
1027,"14E","Economy"
1027,"14F","Economy"
1027,"15A","Economy"
1027,"15B","Economy"
1027,"15C","Economy"
1027,"15D","Economy"
1027,"15E","Economy"
1027,"15F","Economy"
1027,"16A","Economy"
1027,"16B","Economy"
1027,"16C","Economy"
1027,"16D","Economy"
1027,"16E","Economy"
1027,"16F","Economy"
1027,"17A","Economy"
1027,"17B","Economy"
1027,"17C","Economy"
1027,"17D","Economy"
1027,"17E","Economy"
1027,"17F","Economy"
1027,"18A","Economy"
1027,"18B","Economy"
1027,"18C","Economy"
1027,"18D","Economy"
1027,"18E","Economy"
1027,"18F","Economy"
1027,"19A","Economy"
1027,"19B","Economy"
1027,"19C","Economy"
1027,"19D","Economy"
1027,"19E","Economy"
1027,"19F","Economy"
1027,"1A","First"
1027,"1B","First"
1027,"1C","First"
1027,"1D","First"
1027,"2A","First"
1027,"2B","First"
1027,"2C","First"
1027,"2D","First"
1028,"10A","Economy"
1028,"10B","Economy"
1028,"10C","Economy"
1028,"10D","Economy"
1028,"10E","Economy"
1028,"10F","Economy"
1028,"11A","Economy"
1028,"11B","Economy"
1028,"11C","Economy"
1028,"11D","Economy"
1028,"11E","Economy"
1028,"11F","Economy"
1028,"12A","Economy"
1028,"12B","Economy"
1028,"12C","Economy"
1028,"12D","Economy"
1028,"12E","Economy"
1028,"12F","Economy"
1028,"13A","Economy"
1028,"13B","Economy"
1028,"13C","Economy"
1028,"13D","Economy"
1028,"13E","Economy"
1028,"13F","Economy"
1028,"14A","Economy"
1028,"14B","Economy"
1028,"14C","Economy"
1028,"14D","Economy"
1028,"14E","Economy"
1028,"14F","Economy"
1028,"15A","Economy"
1028,"15B","Economy"
1028,"15C","Economy"
1028,"15D","Economy"
1028,"15E","Economy"
1028,"15F","Economy"
1028,"16A","Economy"
1028,"16B","Economy"
1028,"16C","Economy"
1028,"16D","Economy"
1028,"16E","Economy"
1028,"16F","Economy"
1028,"17A","Economy"
1028,"17B","Economy"
1028,"17C","Economy"
1028,"17D","Economy"
1028,"17E","Economy"
1028,"17F","Economy"
1028,"18A","Economy"
1028,"18B","Economy"
1028,"18C","Economy"
1028,"18D","Economy"
1028,"18E","Economy"
1028,"18F","Economy"
1028,"19A","Economy"
1028,"19B","Economy"
1028,"19C","Economy"
1028,"19D","Economy"
1028,"19E","Economy"
1028,"19F","Economy"
1028,"1A","First"
1028,"1B","First"
1028,"1C","First"
1028,"1D","First"
1028,"2A","First"
1028,"2B","First"
1028,"2C","First"
1028,"2D","First"
1029,"10A","Economy"
1029,"10B","Economy"
1029,"10C","Economy"
1029,"10D","Economy"
1029,"10E","Economy"
1029,"10F","Economy"
1029,"11A","Economy"
1029,"11B","Economy"
1029,"11C","Economy"
1029,"11D","Economy"
1029,"11E","Economy"
1029,"11F","Economy"
1029,"12A","Economy"
1029,"12B","Economy"
1029,"12C","Economy"
1029,"12D","Economy"
1029,"12E","Economy"
1029,"12F","Economy"
1029,"13A","Economy"
1029,"13B","Economy"
1029,"13C","Economy"
1029,"13D","Economy"
1029,"13E","Economy"
1029,"13F","Economy"
1029,"14A","Economy"
1029,"14B","Economy"
1029,"14C","Economy"
1029,"14D","Economy"
1029,"14E","Economy"
1029,"14F","Economy"
1029,"15A","Economy"
1029,"15B","Economy"
1029,"15C","Economy"
1029,"15D","Economy"
1029,"15E","Economy"
1029,"15F","Economy"
1029,"16A","Economy"
1029,"16B","Economy"
1029,"16C","Economy"
1029,"16D","Economy"
1029,"16E","Economy"
1029,"16F","Economy"
1029,"17A","Economy"
1029,"17B","Economy"
1029,"17C","Economy"
1029,"17D","Economy"
1029,"17E","Economy"
1029,"17F","Economy"
1029,"18A","Economy"
1029,"18B","Economy"
1029,"18C","Economy"
1029,"18D","Economy"
1029,"18E","Economy"
1029,"18F","Economy"
1029,"19A","Economy"
1029,"19B","Economy"
1029,"19C","Economy"
1029,"19D","Economy"
1029,"19E","Economy"
1029,"19F","Economy"
1029,"1A","First"
1029,"1B","First"
1029,"1C","First"
1029,"1D","First"
1029,"2A","First"
1029,"2B","First"
1029,"2C","First"
1029,"2D","First"
1030,"10A","Economy"
1030,"10B","Economy"
1030,"10C","Economy"
1030,"10D","Economy"
1030,"10E","Economy"
1030,"10F","Economy"
1030,"11A","Economy"
1030,"11B","Economy"
1030,"11C","Economy"
1030,"11D","Economy"
1030,"11E","Economy"
1030,"11F","Economy"
1030,"12A","Economy"
1030,"12B","Economy"
1030,"12C","Economy"
1030,"12D","Economy"
1030,"12E","Economy"
1030,"12F","Economy"
1030,"13A","Economy"
1030,"13B","Economy"
1030,"13C","Economy"
1030,"13D","Economy"
1030,"13E","Economy"
1030,"13F","Economy"
1030,"14A","Economy"
1030,"14B","Economy"
1030,"14C","Economy"
1030,"14D","Economy"
1030,"14E","Economy"
1030,"14F","Economy"
1030,"15A","Economy"
1030,"15B","Economy"
1030,"15C","Economy"
1030,"15D","Economy"
1030,"15E","Economy"
1030,"15F","Economy"
1030,"16A","Economy"
1030,"16B","Economy"
1030,"16C","Economy"
1030,"16D","Economy"
1030,"16E","Economy"
1030,"16F","Economy"
1030,"17A","Economy"
1030,"17B","Economy"
1030,"17C","Economy"
1030,"17D","Economy"
1030,"17E","Economy"
1030,"17F","Economy"
1030,"18A","Economy"
1030,"18B","Economy"
1030,"18C","Economy"
1030,"18D","Economy"
1030,"18E","Economy"
1030,"18F","Economy"
1030,"19A","Economy"
1030,"19B","Economy"
1030,"19C","Economy"
1030,"19D","Economy"
1030,"19E","Economy"
1030,"19F","Economy"
1030,"1A","First"
1030,"1B","First"
1030,"1C","First"
1030,"1D","First"
1030,"2A","First"
1030,"2B","First"
1030,"2C","First"
1030,"2D","First"
1031,"10A","Economy"
1031,"10B","Economy"
1031,"10C","Economy"
1031,"10D","Economy"
1031,"10E","Economy"
1031,"10F","Economy"
1031,"11A","Economy"
1031,"11B","Economy"
1031,"11C","Economy"
1031,"11D","Economy"
1031,"11E","Economy"
1031,"11F","Economy"
1031,"12A","Economy"
1031,"12B","Economy"
1031,"12C","Economy"
1031,"12D","Economy"
1031,"12E","Economy"
1031,"12F","Economy"
1031,"13A","Economy"
1031,"13B","Economy"
1031,"13C","Economy"
1031,"13D","Economy"
1031,"13E","Economy"
1031,"13F","Economy"
1031,"14A","Economy"
1031,"14B","Economy"
1031,"14C","Economy"
1031,"14D","Economy"
1031,"14E","Economy"
1031,"14F","Economy"
1031,"15A","Economy"
1031,"15B","Economy"
1031,"15C","Economy"
1031,"15D","Economy"
1031,"15E","Economy"
1031,"15F","Economy"
1031,"16A","Economy"
1031,"16B","Economy"
1031,"16C","Economy"
1031,"16D","Economy"
1031,"16E","Economy"
1031,"16F","Economy"
1031,"17A","Economy"
1031,"17B","Economy"
1031,"17C","Economy"
1031,"17D","Economy"
1031,"17E","Economy"
1031,"17F","Economy"
1031,"18A","Economy"
1031,"18B","Economy"
1031,"18C","Economy"
1031,"18D","Economy"
1031,"18E","Economy"
1031,"18F","Economy"
1031,"19A","Economy"
1031,"19B","Economy"
1031,"19C","Economy"
1031,"19D","Economy"
1031,"19E","Economy"
1031,"19F","Economy"
1031,"1A","First"
1031,"1B","First"
1031,"1C","First"
1031,"1D","First"
1031,"2A","First"
1031,"2B","First"
1031,"2C","First"
1031,"2D","First"
1032,"10A","Economy"
1032,"10B","Economy"
1032,"10C","Economy"
1032,"10D","Economy"
1032,"10E","Economy"
1032,"10F","Economy"
1032,"11A","Economy"
1032,"11B","Economy"
1032,"11C","Economy"
1032,"11D","Economy"
1032,"11E","Economy"
1032,"11F","Economy"
1032,"12A","Economy"
1032,"12B","Economy"
1032,"12C","Economy"
1032,"12D","Economy"
1032,"12E","Economy"
1032,"12F","Economy"
1032,"13A","Economy"
1032,"13B","Economy"
1032,"13C","Economy"
1032,"13D","Economy"
1032,"13E","Economy"
1032,"13F","Economy"
1032,"14A","Economy"
1032,"14B","Economy"
1032,"14C","Economy"
1032,"14D","Economy"
1032,"14E","Economy"
1032,"14F","Economy"
1032,"15A","Economy"
1032,"15B","Economy"
1032,"15C","Economy"
1032,"15D","Economy"
1032,"15E","Economy"
1032,"15F","Economy"
1032,"16A","Economy"
1032,"16B","Economy"
1032,"16C","Economy"
1032,"16D","Economy"
1032,"16E","Economy"
1032,"16F","Economy"
1032,"17A","Economy"
1032,"17B","Economy"
1032,"17C","Economy"
1032,"17D","Economy"
1032,"17E","Economy"
1032,"17F","Economy"
1032,"18A","Economy"
1032,"18B","Economy"
1032,"18C","Economy"
1032,"18D","Economy"
1032,"18E","Economy"
1032,"18F","Economy"
1032,"19A","Economy"
1032,"19B","Economy"
1032,"19C","Economy"
1032,"19D","Economy"
1032,"19E","Economy"
1032,"19F","Economy"
1032,"1A","First"
1032,"1B","First"
1032,"1C","First"
1032,"1D","First"
1032,"2A","First"
1032,"2B","First"
1032,"2C","First"
1032,"2D","First"
1033,"10A","Economy"
1033,"10B","Economy"
1033,"10C","Economy"
1033,"10D","Economy"
1033,"10E","Economy"
1033,"10F","Economy"
1033,"11A","Economy"
1033,"11B","Economy"
1033,"11C","Economy"
1033,"11D","Economy"
1033,"11E","Economy"
1033,"11F","Economy"
1033,"12A","Economy"
1033,"12B","Economy"
1033,"12C","Economy"
1033,"12D","Economy"
1033,"12E","Economy"
1033,"12F","Economy"
1033,"13A","Economy"
1033,"13B","Economy"
1033,"13C","Economy"
1033,"13D","Economy"
1033,"13E","Economy"
1033,"13F","Economy"
1033,"14A","Economy"
1033,"14B","Economy"
1033,"14C","Economy"
1033,"14D","Economy"
1033,"14E","Economy"
1033,"14F","Economy"
1033,"15A","Economy"
1033,"15B","Economy"
1033,"15C","Economy"
1033,"15D","Economy"
1033,"15E","Economy"
1033,"15F","Economy"
1033,"16A","Economy"
1033,"16B","Economy"
1033,"16C","Economy"
1033,"16D","Economy"
1033,"16E","Economy"
1033,"16F","Economy"
1033,"17A","Economy"
1033,"17B","Economy"
1033,"17C","Economy"
1033,"17D","Economy"
1033,"17E","Economy"
1033,"17F","Economy"
1033,"18A","Economy"
1033,"18B","Economy"
1033,"18C","Economy"
1033,"18D","Economy"
1033,"18E","Economy"
1033,"18F","Economy"
1033,"19A","Economy"
1033,"19B","Economy"
1033,"19C","Economy"
1033,"19D","Economy"
1033,"19E","Economy"
1033,"19F","Economy"
1033,"1A","First"
1033,"1B","First"
1033,"1C","First"
1033,"1D","First"
1033,"2A","First"
1033,"2B","First"
1033,"2C","First"
1033,"2D","First"
1034,"10A","Economy"
1034,"10B","Economy"
1034,"10C","Economy"
1034,"10D","Economy"
1034,"10E","Economy"
1034,"10F","Economy"
1034,"11A","Economy"
1034,"11B","Economy"
1034,"11C","Economy"
1034,"11D","Economy"
1034,"11E","Economy"
1034,"11F","Economy"
1034,"12A","Economy"
1034,"12B","Economy"
1034,"12C","Economy"
1034,"12D","Economy"
1034,"12E","Economy"
1034,"12F","Economy"
1034,"13A","Economy"
1034,"13B","Economy"
1034,"13C","Economy"
1034,"13D","Economy"
1034,"13E","Economy"
1034,"13F","Economy"
1034,"14A","Economy"
1034,"14B","Economy"
1034,"14C","Economy"
1034,"14D","Economy"
1034,"14E","Economy"
1034,"14F","Economy"
1034,"15A","Economy"
1034,"15B","Economy"
1034,"15C","Economy"
1034,"15D","Economy"
1034,"15E","Economy"
1034,"15F","Economy"
1034,"16A","Economy"
1034,"16B","Economy"
1034,"16C","Economy"
1034,"16D","Economy"
1034,"16E","Economy"
1034,"16F","Economy"
1034,"17A","Economy"
1034,"17B","Economy"
1034,"17C","Economy"
1034,"17D","Economy"
1034,"17E","Economy"
1034,"17F","Economy"
1034,"18A","Economy"
1034,"18B","Economy"
1034,"18C","Economy"
1034,"18D","Economy"
1034,"18E","Economy"
1034,"18F","Economy"
1034,"19A","Economy"
1034,"19B","Economy"
1034,"19C","Economy"
1034,"19D","Economy"
1034,"19E","Economy"
1034,"19F","Economy"
1034,"1A","First"
1034,"1B","First"
1034,"1C","First"
1034,"1D","First"
1034,"2A","First"
1034,"2B","First"
1034,"2C","First"
1034,"2D","First"
1035,"10A","Economy"
1035,"10B","Economy"
1035,"10C","Economy"
1035,"10D","Economy"
1035,"10E","Economy"
1035,"10F","Economy"
1035,"11A","Economy"
1035,"11B","Economy"
1035,"11C","Economy"
1035,"11D","Economy"
1035,"11E","Economy"
1035,"11F","Economy"
1035,"12A","Economy"
1035,"12B","Economy"
1035,"12C","Economy"
1035,"12D","Economy"
1035,"12E","Economy"
1035,"12F","Economy"
1035,"13A","Economy"
1035,"13B","Economy"
1035,"13C","Economy"
1035,"13D","Economy"
1035,"13E","Economy"
1035,"13F","Economy"
1035,"14A","Economy"
1035,"14B","Economy"
1035,"14C","Economy"
1035,"14D","Economy"
1035,"14E","Economy"
1035,"14F","Economy"
1035,"15A","Economy"
1035,"15B","Economy"
1035,"15C","Economy"
1035,"15D","Economy"
1035,"15E","Economy"
1035,"15F","Economy"
1035,"16A","Economy"
1035,"16B","Economy"
1035,"16C","Economy"
1035,"16D","Economy"
1035,"16E","Economy"
1035,"16F","Economy"
1035,"17A","Economy"
1035,"17B","Economy"
1035,"17C","Economy"
1035,"17D","Economy"
1035,"17E","Economy"
1035,"17F","Economy"
1035,"18A","Economy"
1035,"18B","Economy"
1035,"18C","Economy"
1035,"18D","Economy"
1035,"18E","Economy"
1035,"18F","Economy"
1035,"19A","Economy"
1035,"19B","Economy"
1035,"19C","Economy"
1035,"19D","Economy"
1035,"19E","Economy"
1035,"19F","Economy"
1035,"1A","First"
1035,"1B","First"
1035,"1C","First"
1035,"1D","First"
1035,"2A","First"
1035,"2B","First"
1035,"2C","First"
1035,"2D","First"
1036,"10A","Economy"
1036,"10B","Economy"
1036,"10C","Economy"
1036,"10D","Economy"
1036,"10E","Economy"
1036,"10F","Economy"
1036,"11A","Economy"
1036,"11B","Economy"
1036,"11C","Economy"
1036,"11D","Economy"
1036,"11E","Economy"
1036,"11F","Economy"
1036,"12A","Economy"
1036,"12B","Economy"
1036,"12C","Economy"
1036,"12D","Economy"
1036,"12E","Economy"
1036,"12F","Economy"
1036,"13A","Economy"
1036,"13B","Economy"
1036,"13C","Economy"
1036,"13D","Economy"
1036,"13E","Economy"
1036,"13F","Economy"
1036,"14A","Economy"
1036,"14B","Economy"
1036,"14C","Economy"
1036,"14D","Economy"
1036,"14E","Economy"
1036,"14F","Economy"
1036,"15A","Economy"
1036,"15B","Economy"
1036,"15C","Economy"
1036,"15D","Economy"
1036,"15E","Economy"
1036,"15F","Economy"
1036,"16A","Economy"
1036,"16B","Economy"
1036,"16C","Economy"
1036,"16D","Economy"
1036,"16E","Economy"
1036,"16F","Economy"
1036,"17A","Economy"
1036,"17B","Economy"
1036,"17C","Economy"
1036,"17D","Economy"
1036,"17E","Economy"
1036,"17F","Economy"
1036,"18A","Economy"
1036,"18B","Economy"
1036,"18C","Economy"
1036,"18D","Economy"
1036,"18E","Economy"
1036,"18F","Economy"
1036,"19A","Economy"
1036,"19B","Economy"
1036,"19C","Economy"
1036,"19D","Economy"
1036,"19E","Economy"
1036,"19F","Economy"
1036,"1A","First"
1036,"1B","First"
1036,"1C","First"
1036,"1D","First"
1036,"2A","First"
1036,"2B","First"
1036,"2C","First"
1036,"2D","First"
1037,"10A","Economy"
1037,"10B","Economy"
1037,"10C","Economy"
1037,"10D","Economy"
1037,"10E","Economy"
1037,"10F","Economy"
1037,"11A","Economy"
1037,"11B","Economy"
1037,"11C","Economy"
1037,"11D","Economy"
1037,"11E","Economy"
1037,"11F","Economy"
1037,"12A","Economy"
1037,"12B","Economy"
1037,"12C","Economy"
1037,"12D","Economy"
1037,"12E","Economy"
1037,"12F","Economy"
1037,"13A","Economy"
1037,"13B","Economy"
1037,"13C","Economy"
1037,"13D","Economy"
1037,"13E","Economy"
1037,"13F","Economy"
1037,"14A","Economy"
1037,"14B","Economy"
1037,"14C","Economy"
1037,"14D","Economy"
1037,"14E","Economy"
1037,"14F","Economy"
1037,"15A","Economy"
1037,"15B","Economy"
1037,"15C","Economy"
1037,"15D","Economy"
1037,"15E","Economy"
1037,"15F","Economy"
1037,"16A","Economy"
1037,"16B","Economy"
1037,"16C","Economy"
1037,"16D","Economy"
1037,"16E","Economy"
1037,"16F","Economy"
1037,"17A","Economy"
1037,"17B","Economy"
1037,"17C","Economy"
1037,"17D","Economy"
1037,"17E","Economy"
1037,"17F","Economy"
1037,"18A","Economy"
1037,"18B","Economy"
1037,"18C","Economy"
1037,"18D","Economy"
1037,"18E","Economy"
1037,"18F","Economy"
1037,"19A","Economy"
1037,"19B","Economy"
1037,"19C","Economy"
1037,"19D","Economy"
1037,"19E","Economy"
1037,"19F","Economy"
1037,"1A","First"
1037,"1B","First"
1037,"1C","First"
1037,"1D","First"
1037,"2A","First"
1037,"2B","First"
1037,"2C","First"
1037,"2D","First"
1038,"10A","Economy"
1038,"10B","Economy"
1038,"10C","Economy"
1038,"10D","Economy"
1038,"10E","Economy"
1038,"10F","Economy"
1038,"11A","Economy"
1038,"11B","Economy"
1038,"11C","Economy"
1038,"11D","Economy"
1038,"11E","Economy"
1038,"11F","Economy"
1038,"12A","Economy"
1038,"12B","Economy"
1038,"12C","Economy"
1038,"12D","Economy"
1038,"12E","Economy"
1038,"12F","Economy"
1038,"13A","Economy"
1038,"13B","Economy"
1038,"13C","Economy"
1038,"13D","Economy"
1038,"13E","Economy"
1038,"13F","Economy"
1038,"14A","Economy"
1038,"14B","Economy"
1038,"14C","Economy"
1038,"14D","Economy"
1038,"14E","Economy"
1038,"14F","Economy"
1038,"15A","Economy"
1038,"15B","Economy"
1038,"15C","Economy"
1038,"15D","Economy"
1038,"15E","Economy"
1038,"15F","Economy"
1038,"16A","Economy"
1038,"16B","Economy"
1038,"16C","Economy"
1038,"16D","Economy"
1038,"16E","Economy"
1038,"16F","Economy"
1038,"17A","Economy"
1038,"17B","Economy"
1038,"17C","Economy"
1038,"17D","Economy"
1038,"17E","Economy"
1038,"17F","Economy"
1038,"18A","Economy"
1038,"18B","Economy"
1038,"18C","Economy"
1038,"18D","Economy"
1038,"18E","Economy"
1038,"18F","Economy"
1038,"19A","Economy"
1038,"19B","Economy"
1038,"19C","Economy"
1038,"19D","Economy"
1038,"19E","Economy"
1038,"19F","Economy"
1038,"1A","First"
1038,"1B","First"
1038,"1C","First"
1038,"1D","First"
1038,"2A","First"
1038,"2B","First"
1038,"2C","First"
1038,"2D","First"
1039,"10A","Economy"
1039,"10B","Economy"
1039,"10C","Economy"
1039,"10D","Economy"
1039,"10E","Economy"
1039,"10F","Economy"
1039,"11A","Economy"
1039,"11B","Economy"
1039,"11C","Economy"
1039,"11D","Economy"
1039,"11E","Economy"
1039,"11F","Economy"
1039,"12A","Economy"
1039,"12B","Economy"
1039,"12C","Economy"
1039,"12D","Economy"
1039,"12E","Economy"
1039,"12F","Economy"
1039,"13A","Economy"
1039,"13B","Economy"
1039,"13C","Economy"
1039,"13D","Economy"
1039,"13E","Economy"
1039,"13F","Economy"
1039,"14A","Economy"
1039,"14B","Economy"
1039,"14C","Economy"
1039,"14D","Economy"
1039,"14E","Economy"
1039,"14F","Economy"
1039,"15A","Economy"
1039,"15B","Economy"
1039,"15C","Economy"
1039,"15D","Economy"
1039,"15E","Economy"
1039,"15F","Economy"
1039,"16A","Economy"
1039,"16B","Economy"
1039,"16C","Economy"
1039,"16D","Economy"
1039,"16E","Economy"
1039,"16F","Economy"
1039,"17A","Economy"
1039,"17B","Economy"
1039,"17C","Economy"
1039,"17D","Economy"
1039,"17E","Economy"
1039,"17F","Economy"
1039,"18A","Economy"
1039,"18B","Economy"
1039,"18C","Economy"
1039,"18D","Economy"
1039,"18E","Economy"
1039,"18F","Economy"
1039,"19A","Economy"
1039,"19B","Economy"
1039,"19C","Economy"
1039,"19D","Economy"
1039,"19E","Economy"
1039,"19F","Economy"
1039,"1A","First"
1039,"1B","First"
1039,"1C","First"
1039,"1D","First"
1039,"2A","First"
1039,"2B","First"
1039,"2C","First"
1039,"2D","First"
1040,"10A","Economy"
1040,"10B","Economy"
1040,"10C","Economy"
1040,"10D","Economy"
1040,"10E","Economy"
1040,"10F","Economy"
1040,"11A","Economy"
1040,"11B","Economy"
1040,"11C","Economy"
1040,"11D","Economy"
1040,"11E","Economy"
1040,"11F","Economy"
1040,"12A","Economy"
1040,"12B","Economy"
1040,"12C","Economy"
1040,"12D","Economy"
1040,"12E","Economy"
1040,"12F","Economy"
1040,"13A","Economy"
1040,"13B","Economy"
1040,"13C","Economy"
1040,"13D","Economy"
1040,"13E","Economy"
1040,"13F","Economy"
1040,"14A","Economy"
1040,"14B","Economy"
1040,"14C","Economy"
1040,"14D","Economy"
1040,"14E","Economy"
1040,"14F","Economy"
1040,"15A","Economy"
1040,"15B","Economy"
1040,"15C","Economy"
1040,"15D","Economy"
1040,"15E","Economy"
1040,"15F","Economy"
1040,"16A","Economy"
1040,"16B","Economy"
1040,"16C","Economy"
1040,"16D","Economy"
1040,"16E","Economy"
1040,"16F","Economy"
1040,"17A","Economy"
1040,"17B","Economy"
1040,"17C","Economy"
1040,"17D","Economy"
1040,"17E","Economy"
1040,"17F","Economy"
1040,"18A","Economy"
1040,"18B","Economy"
1040,"18C","Economy"
1040,"18D","Economy"
1040,"18E","Economy"
1040,"18F","Economy"
1040,"19A","Economy"
1040,"19B","Economy"
1040,"19C","Economy"
1040,"19D","Economy"
1040,"19E","Economy"
1040,"19F","Economy"
1040,"1A","First"
1040,"1B","First"
1040,"1C","First"
1040,"1D","First"
1040,"2A","First"
1040,"2B","First"
1040,"2C","First"
1040,"2D","First"
1041,"10A","Economy"
1041,"10B","Economy"
1041,"10C","Economy"
1041,"10D","Economy"
1041,"10E","Economy"
1041,"10F","Economy"
1041,"11A","Economy"
1041,"11B","Economy"
1041,"11C","Economy"
1041,"11D","Economy"
1041,"11E","Economy"
1041,"11F","Economy"
1041,"12A","Economy"
1041,"12B","Economy"
1041,"12C","Economy"
1041,"12D","Economy"
1041,"12E","Economy"
1041,"12F","Economy"
1041,"13A","Economy"
1041,"13B","Economy"
1041,"13C","Economy"
1041,"13D","Economy"
1041,"13E","Economy"
1041,"13F","Economy"
1041,"14A","Economy"
1041,"14B","Economy"
1041,"14C","Economy"
1041,"14D","Economy"
1041,"14E","Economy"
1041,"14F","Economy"
1041,"15A","Economy"
1041,"15B","Economy"
1041,"15C","Economy"
1041,"15D","Economy"
1041,"15E","Economy"
1041,"15F","Economy"
1041,"16A","Economy"
1041,"16B","Economy"
1041,"16C","Economy"
1041,"16D","Economy"
1041,"16E","Economy"
1041,"16F","Economy"
1041,"17A","Economy"
1041,"17B","Economy"
1041,"17C","Economy"
1041,"17D","Economy"
1041,"17E","Economy"
1041,"17F","Economy"
1041,"18A","Economy"
1041,"18B","Economy"
1041,"18C","Economy"
1041,"18D","Economy"
1041,"18E","Economy"
1041,"18F","Economy"
1041,"19A","Economy"
1041,"19B","Economy"
1041,"19C","Economy"
1041,"19D","Economy"
1041,"19E","Economy"
1041,"19F","Economy"
1041,"1A","First"
1041,"1B","First"
1041,"1C","First"
1041,"1D","First"
1041,"2A","First"
1041,"2B","First"
1041,"2C","First"
1041,"2D","First"
1042,"10A","Economy"
1042,"10B","Economy"
1042,"10C","Economy"
1042,"10D","Economy"
1042,"10E","Economy"
1042,"10F","Economy"
1042,"11A","Economy"
1042,"11B","Economy"
1042,"11C","Economy"
1042,"11D","Economy"
1042,"11E","Economy"
1042,"11F","Economy"
1042,"12A","Economy"
1042,"12B","Economy"
1042,"12C","Economy"
1042,"12D","Economy"
1042,"12E","Economy"
1042,"12F","Economy"
1042,"13A","Economy"
1042,"13B","Economy"
1042,"13C","Economy"
1042,"13D","Economy"
1042,"13E","Economy"
1042,"13F","Economy"
1042,"14A","Economy"
1042,"14B","Economy"
1042,"14C","Economy"
1042,"14D","Economy"
1042,"14E","Economy"
1042,"14F","Economy"
1042,"15A","Economy"
1042,"15B","Economy"
1042,"15C","Economy"
1042,"15D","Economy"
1042,"15E","Economy"
1042,"15F","Economy"
1042,"16A","Economy"
1042,"16B","Economy"
1042,"16C","Economy"
1042,"16D","Economy"
1042,"16E","Economy"
1042,"16F","Economy"
1042,"17A","Economy"
1042,"17B","Economy"
1042,"17C","Economy"
1042,"17D","Economy"
1042,"17E","Economy"
1042,"17F","Economy"
1042,"18A","Economy"
1042,"18B","Economy"
1042,"18C","Economy"
1042,"18D","Economy"
1042,"18E","Economy"
1042,"18F","Economy"
1042,"19A","Economy"
1042,"19B","Economy"
1042,"19C","Economy"
1042,"19D","Economy"
1042,"19E","Economy"
1042,"19F","Economy"
1042,"1A","First"
1042,"1B","First"
1042,"1C","First"
1042,"1D","First"
1042,"2A","First"
1042,"2B","First"
1042,"2C","First"
1042,"2D","First"
1043,"10A","Economy"
1043,"10B","Economy"
1043,"10C","Economy"
1043,"10D","Economy"
1043,"10E","Economy"
1043,"10F","Economy"
1043,"11A","Economy"
1043,"11B","Economy"
1043,"11C","Economy"
1043,"11D","Economy"
1043,"11E","Economy"
1043,"11F","Economy"
1043,"12A","Economy"
1043,"12B","Economy"
1043,"12C","Economy"
1043,"12D","Economy"
1043,"12E","Economy"
1043,"12F","Economy"
1043,"13A","Economy"
1043,"13B","Economy"
1043,"13C","Economy"
1043,"13D","Economy"
1043,"13E","Economy"
1043,"13F","Economy"
1043,"14A","Economy"
1043,"14B","Economy"
1043,"14C","Economy"
1043,"14D","Economy"
1043,"14E","Economy"
1043,"14F","Economy"
1043,"15A","Economy"
1043,"15B","Economy"
1043,"15C","Economy"
1043,"15D","Economy"
1043,"15E","Economy"
1043,"15F","Economy"
1043,"16A","Economy"
1043,"16B","Economy"
1043,"16C","Economy"
1043,"16D","Economy"
1043,"16E","Economy"
1043,"16F","Economy"
1043,"17A","Economy"
1043,"17B","Economy"
1043,"17C","Economy"
1043,"17D","Economy"
1043,"17E","Economy"
1043,"17F","Economy"
1043,"18A","Economy"
1043,"18B","Economy"
1043,"18C","Economy"
1043,"18D","Economy"
1043,"18E","Economy"
1043,"18F","Economy"
1043,"19A","Economy"
1043,"19B","Economy"
1043,"19C","Economy"
1043,"19D","Economy"
1043,"19E","Economy"
1043,"19F","Economy"
1043,"1A","First"
1043,"1B","First"
1043,"1C","First"
1043,"1D","First"
1043,"2A","First"
1043,"2B","First"
1043,"2C","First"
1043,"2D","First"